well id,Depth,Lithology,Diameter (inch),circulation time (hr),number of bhts used,Initial T,diffusivity_rock,diffusivity_mud,calibrated formation temperature,calibrated mud temperature,RMSE,simulated BHT 1,-2,-3,-4,-5,-6
WWS-01,3054.0,2.0,8.5,999.0,4.0,116.89,3.60307338613e-06,9.09090909091e-07,116.89,50.0,3.02467810209,101.237081428,108.415253484,109.838302149,110.896981895,0.0,0.0,0.0,0.0,0.0,0.0,0.0,0.0,0.0,0.0,0.0
KWK-01,2683.44,2.0,8.38,999.0,4.0,103.92,3.26508597312e-06,9.09090909091e-07,103.92,50.0,9.96590836789,91.0499887413,94.9691047929,96.0282332242,97.7514584695,0.0,0.0,0.0,0.0,0.0,0.0,0.0,0.0,0.0,0.0,0.0
