id,well,depth,lithology,mud_type,water_type,porosity,diameter,circ_time,N_BHTs,T_formation_init,T_mud_init,rec_time_1,rec_time_2,rec_time_3,rec_time_4,rec_time_5,rec_time_6,rec_time_7,T_1,T_2,T_3,T_4,T_5,T_6,T_7,phi_0,compressibility,specific_heat_matrix,density_matrix,K_matrix,specific_heat_mud,density_mud,K_mud,specific_heat_water,density_water,K_water,porosity_final,K_formation,density_formation,spec_heat_formation,calibrated_formation_temp,calibrated_mud_temp,R2,RMSE,T_calibrated_1,T_calibrated_2,T_calibrated_3,T_calibrated_4
BHT1,KWK-01,2683.44,clay,mud1,water1,,0.10642599999999999,5.0,4,103.92,72.74,7.3,12.1,14.25,19.366666666700002,,,,98,105,108,108,,,,0.63,0.0005099999999999999,900,2650,2.5,880,1100,0.88,4181,1000,0.6,0.1603189741940109,1.9887313078515967,2385.473692579882,1426.0065543305498,119.15902754527484,22.114042266854923,0.937714073915449,1.0195093825069317,98.48071705230188,104.78001582327946,106.48498247923835,109.25810870495465
BHT2,WWS-01,3054.02,sand,mud1,water1,,0.10795,5.0,4,116.89,81.82,7.5,17.0,21.25,25.75,,,,97,105,108,109,,,,0.49,0.00027,900,2650,3.5,880,1100,0.88,4181,1000,0.6,0.21482419395778662,2.396241506056331,2295.5400799696517,1604.8381803754978,116.26723736760927,20.713656384662524,0.9904004705592153,0.46151829738218125,96.8512689160178,105.7690566260757,107.53515728956191,108.85050491522024
