well id,Depth,Lithology,Diameter (inch),circulation time (hr),number of bhts used,Initial T,diffusivity_rock,diffusivity_mud,calibrated formation temperature,calibrated mud temperature,RMSE,simulated BHT 1,-2,-3,-4,-5,-6
WWS-01,3054.0,2.0,8.5,999.0,4.0,116.89,3.60307338613e-06,9.09090909091e-07,114.688349444,38.4343508212,0.797477993122,97.1347150643,105.204955915,106.798444394,107.980199211,0.0,0.0,0.0,0.0,0.0,0.0,0.0,0.0,0.0,0.0,0.0
KWK-01,2683.44,2.0,8.38,999.0,4.0,103.92,3.26508597312e-06,9.09090909091e-07,117.213708951,39.8105782061,1.15671395496,98.9093414567,104.486521797,105.98320475,108.440367876,0.0,0.0,0.0,0.0,0.0,0.0,0.0,0.0,0.0,0.0,0.0
